conv_id,turn,speaker,text,lang,tokens_list,token_langs,token_count,tech_score,cult_score,is_mixed_turn
643,0,Li,"Hey Sarah, have you seen the latest update on the staging build? It looks like there's a merge conflict that's causing some blockers.",en,"['Hey', 'Sarah', ',', 'have', 'you', 'seen', 'the', 'latest', 'update', 'on', 'the', 'staging', 'build', '?', 'It', 'looks', 'like', ""there's"", 'a', 'merge', 'conflict', ""that's"", 'causing', 'some', 'blockers', '.']","['en', 'en', 'other', 'en', 'en', 'en', 'en', 'en', 'en', 'en', 'en', 'en', 'en', 'other', 'en', 'en', 'en', 'en', 'en', 'en', 'en', 'en', 'en', 'en', 'en', 'other']",26,3,0,False
643,1,Sarah,"Oh no, I haven't checked yet. Let me take a look. Thanks for letting me know.",en,"['Oh', 'no', ',', 'I', ""haven't"", 'checked', 'yet', '.', 'Let', 'me', 'take', 'a', 'look', '.', 'Thanks', 'for', 'letting', 'me', 'know', '.']","['en', 'en', 'other', 'en', 'en', 'en', 'en', 'other', 'en', 'en', 'en', 'en', 'en', 'other', 'en', 'en', 'en', 'en', 'en', 'other']",20,0,0,False
643,2,Li,"Yeah, it seems like the conflict is with the new feature branch that was just merged in. We might need to resolve it before we can deploy to production.",en,"['Yeah', ',', 'it', 'seems', 'like', 'the', 'conflict', 'is', 'with', 'the', 'new', 'feature', 'branch', 'that', 'was', 'just', 'merged', 'in', '.', 'We', 'might', 'need', 'to', 'resolve', 'it', 'before', 'we', 'can', 'deploy', 'to', 'production', '.']","['en', 'other', 'en', 'en', 'en', 'en', 'en', 'en', 'en', 'en', 'en', 'en', 'en', 'en', 'en', 'en', 'en', 'en', 'other', 'en', 'en', 'en', 'en', 'en', 'en', 'en', 'en', 'en', 'en', 'en', 'en', 'other']",32,2,0,False
643,3,Sarah,Got it. I'll take a closer look at the code and see if I can figure out a solution. We definitely don't want this to delay our deadline.,en,"['Got', 'it', '.', ""I'll"", 'take', 'a', 'closer', 'look', 'at', 'the', 'code', 'and', 'see', 'if', 'I', 'can', 'figure', 'out', 'a', 'solution', '.', 'We', 'definitely', ""don't"", 'want', 'this', 'to', 'delay', 'our', 'deadline', '.']","['en', 'en', 'other', 'en', 'en', 'en', 'en', 'en', 'en', 'en', 'en', 'en', 'en', 'en', 'en', 'en', 'en', 'en', 'en', 'en', 'other', 'en', 'en', 'en', 'en', 'en', 'en', 'en', 'en', 'en', 'other']",31,2,0,False
643,4,Li,Agreed. We might need to do a quick hotfix or rebase to resolve the conflict. Let's try to get this sorted out as soon as possible.,en,"['Agreed', '.', 'We', 'might', 'need', 'to', 'do', 'a', 'quick', 'hotfix', 'or', 'rebase', 'to', 'resolve', 'the', 'conflict', '.', ""Let's"", 'try', 'to', 'get', 'this', 'sorted', 'out', 'as', 'soon', 'as', 'possible', '.']","['en', 'other', 'en', 'en', 'en', 'en', 'en', 'en', 'en', 'en', 'en', 'en', 'en', 'en', 'en', 'en', 'other', 'en', 'en', 'en', 'en', 'en', 'en', 'en', 'en', 'en', 'en', 'en', 'other']",29,0,0,False
643,5,Sarah,I'll reach out to the team and see if anyone has any insight on how to resolve this merge conflict efficiently. We can't afford to have any more deployment blockers.,en,"[""I'll"", 'reach', 'out', 'to', 'the', 'team', 'and', 'see', 'if', 'anyone', 'has', 'any', 'insight', 'on', 'how', 'to', 'resolve', 'this', 'merge', 'conflict', 'efficiently', '.', 'We', ""can't"", 'afford', 'to', 'have', 'any', 'more', 'deployment', 'blockers', '.']","['en', 'en', 'en', 'en', 'en', 'en', 'en', 'en', 'en', 'en', 'en', 'en', 'en', 'en', 'en', 'en', 'en', 'en', 'en', 'en', 'en', 'other', 'en', 'en', 'en', 'en', 'en', 'en', 'en', 'en', 'en', 'other']",32,1,0,False
643,6,Li,"Great, thanks for taking the lead on this. I'll also keep an eye on the staging build and let you know if there are any updates on the situation.",en,"['Great', ',', 'thanks', 'for', 'taking', 'the', 'lead', 'on', 'this', '.', ""I'll"", 'also', 'keep', 'an', 'eye', 'on', 'the', 'staging', 'build', 'and', 'let', 'you', 'know', 'if', 'there', 'are', 'any', 'updates', 'on', 'the', 'situation', '.']","['en', 'other', 'en', 'en', 'en', 'en', 'en', 'en', 'en', 'other', 'en', 'en', 'en', 'en', 'en', 'en', 'en', 'en', 'en', 'en', 'en', 'en', 'en', 'en', 'en', 'en', 'en', 'en', 'en', 'en', 'en', 'other']",32,2,0,False
643,7,Sarah,"Sounds good, teamwork makes the dream work! Let's aim to get this resolved before the end of the day so we can stay on track with our deadline.",en,"['Sounds', 'good', ',', 'teamwork', 'makes', 'the', 'dream', 'work', '!', ""Let's"", 'aim', 'to', 'get', 'this', 'resolved', 'before', 'the', 'end', 'of', 'the', 'day', 'so', 'we', 'can', 'stay', 'on', 'track', 'with', 'our', 'deadline', '.']","['en', 'en', 'other', 'en', 'en', 'en', 'en', 'en', 'other', 'en', 'en', 'en', 'en', 'en', 'en', 'en', 'en', 'en', 'en', 'en', 'en', 'en', 'en', 'en', 'en', 'en', 'en', 'en', 'en', 'en', 'other']",31,1,0,False
643,8,Li,"Agreed, let's stay proactive and communicate any progress or roadblocks along the way. We'll get through this merge conflict and deployment blocker together.",en,"['Agreed', ',', ""let's"", 'stay', 'proactive', 'and', 'communicate', 'any', 'progress', 'or', 'roadblocks', 'along', 'the', 'way', '.', ""We'll"", 'get', 'through', 'this', 'merge', 'conflict', 'and', 'deployment', 'blocker', 'together', '.']","['en', 'other', 'en', 'en', 'en', 'en', 'en', 'en', 'en', 'en', 'en', 'en', 'en', 'en', 'other', 'en', 'en', 'en', 'en', 'en', 'en', 'en', 'en', 'en', 'en', 'other']",26,1,0,False
